date,seq,wod_section,wod_title,workout_name,wod_results_count,wod_results_url,workout_description
2025-09-07,0,MAIN,,Hammer,19,https://www.beyondthewhiteboard.com/workouts/158031-hammer?ed=2025-09-07&g%5B%5D=4491&r=&sd=2025-09-07,"5 rounds, each round for time, of:
5 Power Cleans, 135/95 lbs
10 Front Squats, 135/95 lbs
5 Jerks, 135/95 lbs
20 Pull-ups

Rest 1:30 between each round

U.S. Army First Sergeant Michael ""Hammer"" Bordelon, 37, of Morgan City, Louisiana, assigned to the 1st Battalion, 24th Infantry Regiment, 1st Brigade, 25th Infantry Division (Stryker Brigade Combat Team), based out of Fort Lewis, Washington, died on May 10, 2005, from injuries sustained when a car bomb exploded near him in Mosul, Iraq on April 23, 2005.

He is survived by his wife Mila; children Mike Jr., Jacob, and Johanna; mother Dolores; and sister Doreen Scioneaux.."
2025-09-06,0,MAIN,Rx,"Chipper: Synchronized Burpees, Rope Climbs, Synchronized Burpees, and 3 more",7,https://www.beyondthewhiteboard.com/workouts/17450387-chipper-synchronized-burpees-rope-climbs-synchronized-burpees-and-3-more?ed=2025-09-06&g%5B%5D=4491&r=&sd=2025-09-06,"For time:
20 Synchronized Burpees
20 Rope Climbs, 15 ft
20 Synchronized Burpees
20 Wall Walks
20 Synchronized Burpees
20 Muscle-ups"
2025-09-05,0,MAIN,,"Every 1 min for 10 mins: Snatch High Pulls, Hang Power Snatches, and Overhead Squats",21,https://www.beyondthewhiteboard.com/workouts/18176617-every-1-min-for-10-mins-snatch-high-pulls-hang-power-snatches-and-overhead-squats?ed=2025-09-05&g%5B%5D=4491&r=&sd=2025-09-05,"Every 1 min for 10 mins do:
1x [ 1 Snatch High Pull + 1 Hang Power Snatch + 1 Overhead Squat ], 70% 1RM"
2025-09-05,1,MAIN,,"AMReps 15 mins: Rows, Box Jump Overs, Wall Walks, and 2 more",22,https://www.beyondthewhiteboard.com/workouts/18176597-amreps-15-mins-rows-box-jump-overs-wall-walks-and-2-more?ed=2025-09-05&g%5B%5D=4491&r=&sd=2025-09-05,"As many reps as possible in 15 mins of:
Row, 45 secs
Rest 15 secs
Box Jump Over, 24/20 in, 45 secs
Rest 15 secs
Wall Walk, 45 secs
Rest 15 secs
Hang Power Snatch, 42.5/30 kg, 45 secs
Rest 15 secs
Rest, 45 secs"
2025-09-04,0,MAIN,,"10 RFT: Burpee Pull-ups, Chest-to-bar Pull-ups, Lunges, and 200 m",13,https://www.beyondthewhiteboard.com/workouts/18176594-10-rft-burpee-pull-ups-chest-to-bar-pull-ups-lunges-and-200-m?ed=2025-09-04&g%5B%5D=4491&r=&sd=2025-09-04,"10 rounds for time of:
4 Burpee Pull-ups
6 Chest-to-bar Pull-ups
8 Lunges
Run, 200 m"
2025-09-03,0,MAIN,,"Front Squat : 3 @ 85%, 3 @ 90%, 1+ @ 95%",22,https://www.beyondthewhiteboard.com/workouts/18176584-front-squat-3-85-3-90-1-95?ed=2025-09-03&g%5B%5D=4491&r=&sd=2025-09-03,"Front Squat 1x3 at 85% 1RM
Front Squat 1x3 at 90% 1RM
Front Squat 1x1+ at 95% 1RM

Rest as needed between sets."
2025-09-03,1,MAIN,,"Every 1 min for 12 mins: Front Squats, Push Press, and Thrusters",23,https://www.beyondthewhiteboard.com/workouts/18176591-every-1-min-for-12-mins-front-squats-push-press-and-thrusters?ed=2025-09-03&g%5B%5D=4491&r=&sd=2025-09-03,"Every 1 min for 12 mins do:
3 Front Squats, pick load
3 Push Press, pick load
3 Thrusters, pick load"
2025-09-02,0,MAIN,,"30-20-10: Dumbbell Snatches, Sit-ups, Air Squats, and Sit-ups",25,https://www.beyondthewhiteboard.com/workouts/18176563-30-20-10-dumbbell-snatches-sit-ups-air-squats-and-sit-ups?ed=2025-09-02&g%5B%5D=4491&r=&sd=2025-09-02,"30-20-10 reps, for time of:
Dumbbell Snatch, 22.5/15 kg
Sit-up
Air Squat
Sit-up"
2025-09-02,1,MAIN,,"3 RFQ: Weighted Supermen, Side Planks, Dumbbell Good Mornings, and Hollow Holds",20,https://www.beyondthewhiteboard.com/workouts/18176582-3-rfq-weighted-supermen-side-planks-dumbbell-good-mornings-and-hollow-holds?ed=2025-09-02&g%5B%5D=4491&r=&sd=2025-09-02,"3 rounds for quality of:
15 Weighted Supermen, pick load
Side Plank, 30 secs
Dumbbell Good Morning, pick load, 1 min
Hollow Hold, 30 secs"
2025-09-01,0,MAIN,,"Push Jerk : 3 @ 85%, 3 @ 90%, 1+ @ 95%",29,https://www.beyondthewhiteboard.com/workouts/18176557-push-jerk-3-85-3-90-1-95?ed=2025-09-01&g%5B%5D=4491&r=&sd=2025-09-01,"Push Jerk 1x3 at 85% 1RM
Push Jerk 1x3 at 90% 1RM
Push Jerk 1x1+ at 95% 1RM

Rest as needed between sets."
2025-09-01,1,MAIN,,"4x AMRAP 3 mins: Push-ups, Kettlebell Swings, and Double Unders",27,https://www.beyondthewhiteboard.com/workouts/18176560-4x-amrap-3-mins-push-ups-kettlebell-swings-and-double-unders?ed=2025-09-01&g%5B%5D=4491&r=&sd=2025-09-01,"For 4 cycles:
AMRAP in 3 mins of:
10 Push-ups
20 Kettlebell Swings, 24/16 kg
40 Double Unders

Rest 2 mins between each cycle.
For each cycle continue the AMRAP."
2025-08-31,0,MAIN,,Nukes,6,https://www.beyondthewhiteboard.com/workouts/4435565-nukes?ed=2025-08-31&g%5B%5D=4491&r=&sd=2025-08-31,"In 8 mins, for max reps:
Run, 1 mi
max reps in remaining time Deadlifts, 315/215 lbs
-- then -- 
In 10 mins, for max reps:
Run, 1 mi
max reps in remaining time Power Cleans, 225/155 lbs
-- then -- 
In 12 mins, for max reps:
Run, 1 mi
max reps in remaining time Overhead Squats, 135/95 lbs

U.S. Marine Corps Capt. Matthew ""Nukes"" Manoukian, 29, of Los Altos Hills, Calif., assigned to the 1st Marine Special Operations Battalion, based in Camp Pendleton, Calif., died Aug. 10, 2012, in Sangin District, Afghanistan, after being shot by an Afghan policeman. He is survived by his parents, Socrates Peter and Patricia Manoukian, and his brothers, Mike and Marty Manoukian."
2025-08-30,0,MAIN,Teams of 2,"AMReps 24 mins: 400 m, Dumbbell Lunges, Dumbbell Strict Press, and Dumbbell Front Rack Carries",11,https://www.beyondthewhiteboard.com/workouts/18161919-amreps-24-mins-400-m-dumbbell-lunges-dumbbell-strict-press-and-dumbbell-front-rack-carries?ed=2025-08-30&g%5B%5D=4491&r=&sd=2025-08-30,"As many reps as possible in 24 mins of:
Run, 400 m
18 Dumbbell Lunges, 15/10 kg
12 Dumbbell Strict Press, 15/10 kg
Dumbbell Front Rack Carry, 15/10 kg, 10 m"
2025-08-29,0,MAIN,,"Every 1 min for 10 mins: Power Cleans, Hang Power Cleans, and Front Squats",18,http://www.beyondthewhiteboard.com/workouts/17957291-every-1-min-for-10-mins-power-cleans-hang-power-cleans-and-front-squats?ed=2025-08-29&g%5B%5D=4491&r=&sd=2025-08-29,"Every 1 min for 10 mins do:
[ 1 Power Clean + 1 Hang Power Clean + 1 Front Squat ]"
2025-08-29,1,MAIN,,12-9-6: Burpee Box Jump Overs and Bar Muscle-ups,20,http://www.beyondthewhiteboard.com/workouts/18153645-12-9-6-burpee-box-jump-overs-and-bar-muscle-ups?ed=2025-08-29&g%5B%5D=4491&r=&sd=2025-08-29,"12-9-6 reps, for time of:
Burpee Box Jump Over, 24/20 in
Bar Muscle-up"
2025-08-28,0,MAIN,,"5 RFT: Toes-to-bars, Ring Dips, and Deadlifts",14,http://www.beyondthewhiteboard.com/workouts/18155898-5-rft-toes-to-bars-ring-dips-and-deadlifts?ed=2025-08-28&g%5B%5D=4491&r=&sd=2025-08-28,"5 rounds for time of:
15 Toes-to-bars
9 Ring Dips
6 Deadlifts, pick load
Rest 1 min"
2025-08-27,0,MAIN,,"Front Squat : 5 @ 80%, 3 @ 85%, 3+ @ 90%",18,http://www.beyondthewhiteboard.com/workouts/18153622-front-squat-5-80-3-85-3-90?ed=2025-08-27&g%5B%5D=4491&r=&sd=2025-08-27,"Front Squat 1x5 at 80% 1RM
Front Squat 1x3 at 85% 1RM
Front Squat 1x3+ at 90% 1RM

Rest as needed between sets."
2025-08-27,1,MAIN,,"AMRAP 12 mins: Pull-ups, Burpee-to-Targets, and Thrusters",18,http://www.beyondthewhiteboard.com/workouts/18153625-amrap-12-mins-pull-ups-burpee-to-targets-and-thrusters?ed=2025-08-27&g%5B%5D=4491&r=&sd=2025-08-27,"Complete as many rounds as possible in 12 mins of:
max rep Pull-ups
10 Burpee-to-Targets
5 Thrusters, 52.5/35 kg"
2025-08-26,0,MAIN,,"Every 5 mins for 30 mins: Row Calories, Power Cleans, and Double Unders",19,http://www.beyondthewhiteboard.com/workouts/18153617-every-5-mins-for-30-mins-row-calories-power-cleans-and-double-unders?ed=2025-08-26&g%5B%5D=4491&r=&sd=2025-08-26,"Every 5 mins for 30 mins do:
20/16 Row Calories
12 Power Cleans, 60/42.5 kg
50 Double Unders"
2025-08-25,0,MAIN,,"Push Jerk : 5 @ 80%, 3 @ 85%, 3+ @ 90%",28,http://www.beyondthewhiteboard.com/workouts/18151906-push-jerk-5-80-3-85-3-90?ed=2025-08-25&g%5B%5D=4491&r=&sd=2025-08-25,"Push Jerk 1x5 at 80% 1RM
Push Jerk 1x3 at 85% 1RM
Push Jerk 1x3+ at 90% 1RM

Rest as needed between sets."
2025-08-25,1,MAIN,,"AMRAP 13 mins: Single Arm Dumbbell Hang Snatches, Overhead Carries, Bent Over Rows, and 3 more",29,http://www.beyondthewhiteboard.com/workouts/18153759-amrap-13-mins-single-arm-dumbbell-hang-snatches-overhead-carries-bent-over-rows-and-3-more?ed=2025-08-25&g%5B%5D=4491&r=&sd=2025-08-25,"Complete as many rounds as possible in 13 mins of:
20 Single Arm Dumbbell Hang Snatches, 22.5/15 kg
Overhead Carry, 22.5/15 kg, 1 min
20 Bent Over Rows, 22.5/15 kg
Front Rack Carry, 22.5/15 kg, 1 min
20 Push Press, 22.5/15 kg
Suitcase Carry, 22.5/15 kg, 1 min"
2025-08-24,0,MAIN,,Dork,10,http://www.beyondthewhiteboard.com/workouts/7521014-dork?ed=2025-08-24&g%5B%5D=4491&r=&sd=2025-08-24,"6 rounds for time of:
60 Double Unders
30 Kettlebell Swings, 1.5/1 pood
15 Burpees

Boston firefighter Michael Kennedy, 33, of Boston, Massachusetts, died fighting a nine-alarm fire on March 26, 2014. Kennedy served with the Boston Fire Department for six and a half years and was a Marine Corps sergeant who served a tour in Iraq before that.

He had a big presence in his local CrossFit community, coaching and training at several affiliates, including CrossFit Craic, CrossFit Florian, CrossFit Together and CrossFit HomeBase.

He is survived by his girlfriend, Sarah Wessman, and many other beloved friends and family members."
2025-08-23,0,MAIN,Teams of 2,"4 RFT: Air Squats, Farmers Carries, Alternating Single Arm Devil Press, and Rows",20,http://www.beyondthewhiteboard.com/workouts/18130941-4-rft-air-squats-farmers-carries-alternating-single-arm-devil-press-and-rows?ed=2025-08-23&g%5B%5D=4491&r=&sd=2025-08-23,"4 rounds for time of:
30 Air Squats
Farmers Carry, 22.5/15 kg, 100 m
6 Alternating Single Arm Devil Press, 22.5/15 kg
Row, 500/400 m"
2025-08-22,0,MAIN,,Every 1 min for 6 mins: Hang Power Snatches and Power Snatches,22,http://www.beyondthewhiteboard.com/workouts/12608543-every-1-min-for-6-mins-hang-power-snatches-and-power-snatches?ed=2025-08-22&g%5B%5D=4491&r=&sd=2025-08-22,"1x [ 1 Hang Power Snatch + 1 Power Snatch ], pick load

Every 1 min for 6 mins."
2025-08-22,1,MAIN,,"10 RFT: Toes-to-bars, Power Snatches, and V-ups",22,http://www.beyondthewhiteboard.com/workouts/18130901-10-rft-toes-to-bars-power-snatches-and-v-ups?ed=2025-08-22&g%5B%5D=4491&r=&sd=2025-08-22,"10 rounds for time of:
7 Toes-to-bars
7 Power Snatches, 35/25 kg
7 V-ups
Rest 1 min"
2025-08-21,0,MAIN,Part A (0:00-10:00),Run 1 mi at 70%,21,http://www.beyondthewhiteboard.com/workouts/1218030-run-1-mi-at-70?ed=2025-08-21&g%5B%5D=4491&r=&sd=2025-08-21,"Run 1 mi

Perform at 70% effort / RPE 13."
2025-08-21,1,MAIN,Part B (10:00-25:00),"5x RFT: At 10:00s, Russian Kettlebell Swings, Sit-ups, and Kettlebell Deadlifts",25,http://www.beyondthewhiteboard.com/workouts/18130895-5x-rft-at-10-00s-russian-kettlebell-swings-sit-ups-and-kettlebell-deadlifts?ed=2025-08-21&g%5B%5D=4491&r=&sd=2025-08-21,"5 rounds, each round for time, of:
At 10:00
15 Russian Kettlebell Swings, 32/24 kg
15 Sit-ups
15 Kettlebell Deadlifts, 32/24 kg

Rest 0.001 secs between each round."
2025-08-20,0,MAIN,,Front Squat : 5-5-5+,32,http://www.beyondthewhiteboard.com/workouts/2113784-front-squat-5-5-5?ed=2025-08-20&g%5B%5D=4491&r=&sd=2025-08-20,"Front Squat 5-5-5+

Use the heaviest weight you can for each set.
Rest as needed between sets."
2025-08-20,1,MAIN,,"AMRAP 6 mins: Box Jump Overs, Front Squats, and Bar Facing Burpees",31,http://www.beyondthewhiteboard.com/workouts/18130886-amrap-6-mins-box-jump-overs-front-squats-and-bar-facing-burpees?ed=2025-08-20&g%5B%5D=4491&r=&sd=2025-08-20,"Complete as many rounds as possible in 6 mins of:
50 Box Jump Overs, 24/20 in
25 Front Squats, 52.5/35 kg
max rep Bar Facing Burpees"
2025-08-19,0,MAIN,,10x 1:30 RemReps: Hand Release Push-ups and Row Calories; 10x...,25,http://www.beyondthewhiteboard.com/workouts/18130884-10x-1-30-remreps-hand-release-push-ups-and-row-calories-10x?ed=2025-08-19&g%5B%5D=4491&r=&sd=2025-08-19,"10 rounds, 1:30 each, for max reps of:
10 Hand Release Push-ups
max reps in remaining time Row Calories
-- then --
10 rounds, 1:30 each, for max reps of:
10 Strict Pull-ups
max reps in remaining time Shuttle Runs, 10 m"
2025-08-18,0,MAIN,,Push Jerk : 5-5-5+,29,http://www.beyondthewhiteboard.com/workouts/18130872-push-jerk-5-5-5?ed=2025-08-18&g%5B%5D=4491&r=&sd=2025-08-18,"Push Jerk 5-5-5+

Use the heaviest weight you can for each set.
Rest as needed between sets."
2025-08-18,1,MAIN,,"AMReps 12 mins: Burpees, Dumbbell Push Press, Burpees, and 3 more",26,http://www.beyondthewhiteboard.com/workouts/18130875-amreps-12-mins-burpees-dumbbell-push-press-burpees-and-3-more?ed=2025-08-18&g%5B%5D=4491&r=&sd=2025-08-18,"As many reps as possible in 12 mins of:
4 Burpees
Dumbbell Push Press, 15/10 kg
4 Burpees
Dumbbell Curl, 15/10 kg
4 Burpees
Dumbbell Front Rack Lunge, 15/10 kg"
2025-08-17,0,MAIN,,Morrison,9,http://www.beyondthewhiteboard.com/workouts/189764-morrison?ed=2025-08-17&g%5B%5D=4491&r=&sd=2025-08-17,"50-40-30-20-10 reps, for time of:
Wall Ball, 20/14 lbs
Box Jump, 24/20 in
Kettlebell Swing, 1.5/1 pood

U.S. Army Specialist Scott Morrison, 23, of Blue Ash, Ohio, assigned to 584th Mobility Augmentation Company, 20th Engineer Battalion, 36th Engineer Brigade, based out of Fort Hood, Texas, died on September 26, 2010, from injuries suffered on September 25 when insurgents in Kandahar, Afghanistan attacked his vehicle with an improvised explosive device. He is survived by his father Donald, mother Susan, brother Gary, and sister Katie."
2025-08-16,0,MAIN,Teams of 2,Lifting: Bench Press and Deadlifts,10,http://www.beyondthewhiteboard.com/workouts/18104337-lifting-bench-press-and-deadlifts?ed=2025-08-16&g%5B%5D=4491&r=&sd=2025-08-16,"Bench Press 5, using heaviest weight per set
Deadlift 5, using heaviest weight per set"
2025-08-15,0,MAIN,,"Power Clean : 3 @ 60%, 3 @ 65%, 3 @ 70%, 3 @ 75%",22,http://www.beyondthewhiteboard.com/workouts/2078436-power-clean-3-60-3-65-3-70-3-75?ed=2025-08-15&g%5B%5D=4491&r=&sd=2025-08-15,"Power Clean 1x3 at 60% 1RM
Power Clean 1x3 at 65% 1RM
Power Clean 1x3 at 70% 1RM
Power Clean 1x3 at 75% 1RM

Rest as needed between sets."
2025-08-15,1,MAIN,,5x 1:30 RemReps: Power Cleans and Bar Facing Burpees,23,http://www.beyondthewhiteboard.com/workouts/18107131-5x-1-30-remreps-power-cleans-and-bar-facing-burpees?ed=2025-08-15&g%5B%5D=4491&r=&sd=2025-08-15,"5 rounds, 1:30 each, for max reps of:
3 Power Cleans, 80/52.5 kg
max reps in remaining time Bar Facing Burpees"
2025-08-14,0,MAIN,,FQ: Rope Climbs,15,http://www.beyondthewhiteboard.com/workouts/9877618-fq-rope-climbs?ed=2025-08-14&g%5B%5D=4491&r=&sd=2025-08-14,"For quality:
Rope Climb, 10 mins"
2025-08-14,1,MAIN,,"AMRAP 15 mins: Double Unders, Lunges, Rope Climbs, and 2 more",19,http://www.beyondthewhiteboard.com/workouts/18102214-amrap-15-mins-double-unders-lunges-rope-climbs-and-2-more?ed=2025-08-14&g%5B%5D=4491&r=&sd=2025-08-14,"Complete as many rounds as possible in 15 mins of:
Double Under, 45 secs
Rest 15 secs
Lunge, 45 secs
Rest 15 secs
Rope Climb, 45 secs
Rest 15 secs
Shuttle Run, 45 secs
Rest 15 secs
Toes-to-bar, 45 secs
Rest 15 secs"
2025-08-13,0,MAIN,,Jackie,28,http://www.beyondthewhiteboard.com/workouts/327-jackie?ed=2025-08-13&g%5B%5D=4491&r=&sd=2025-08-13,"For time:
Row, 1000 m
50 Thrusters, 45/35 lbs
30 Pull-ups"
2025-08-13,1,MAIN,,FT: 3x Dumbbell Curls and Dumbbell Bench Press; 3x Dumbbell Chest Flies an...,16,http://www.beyondthewhiteboard.com/workouts/18102213-ft-3x-dumbbell-curls-and-dumbbell-bench-press-3x-dumbbell-chest-flies-an?ed=2025-08-13&g%5B%5D=4491&r=&sd=2025-08-13,"For time:
3 rounds of:
15 Dumbbell Curls, pick load
15 Dumbbell Bench Press, pick load
-- then --
3 rounds of:
20 Dumbbell Chest Flies, pick load
20 Band Pull Aparts"
2025-08-12,0,MAIN,,"4 RFT: 400 m, Box Jumps, Hang Power Snatches, and 200 m",25,http://www.beyondthewhiteboard.com/workouts/18102212-4-rft-400-m-box-jumps-hang-power-snatches-and-200-m?ed=2025-08-12&g%5B%5D=4491&r=&sd=2025-08-12,"4 rounds for time of:
Run, 400 m
30 Box Jumps, 24/20 in
20 Hang Power Snatches, 30/20 kg
Run, 200 m
Rest 2 mins"
2025-08-11,0,MAIN,,Push Jerk : 3 Rep Max,40,http://www.beyondthewhiteboard.com/workouts/532507-push-jerk-3-rep-max?ed=2025-08-11&g%5B%5D=4491&r=&sd=2025-08-11,"Record your best Push Jerk 3 rep max lift.

Only include the heaviest 3 rep, do not include sets prior to it."
2025-08-11,1,MAIN,,"AMRAP 15 mins: Dumbbell Overhead Lunges, Hand Release Push-ups, and No Push-up Burpees",37,http://www.beyondthewhiteboard.com/workouts/18102211-amrap-15-mins-dumbbell-overhead-lunges-hand-release-push-ups-and-no-push-up-burpees?ed=2025-08-11&g%5B%5D=4491&r=&sd=2025-08-11,"Complete as many rounds as possible in 15 mins of:
8 Dumbbell Overhead Lunges, 22.5/15 kg
7 Hand Release Push-ups
6 No Push-up Burpees"
2025-08-10,0,MAIN,,Daniel,11,http://www.beyondthewhiteboard.com/workouts/408-daniel?ed=2025-08-10&g%5B%5D=4491&r=&sd=2025-08-10,"For time:
50 Pull-ups
Run, 400 m
21 Thrusters, 95/65 lbs
Run, 800 m
21 Thrusters, 95/65 lbs
Run, 400 m
50 Pull-ups

With heavy hearts we dedicate this workout to Army Sgt 1st Class Daniel Crabtree who was killed in Al Kut, Iraq on Thursday June 8th, 2006. To Daniel's family and friends, we express our sorrow; to his wife Kathy and daughter Mallory, we tearfully acknowledge your loss as the true cost of freedom. Fair Winds, Daniel."
2025-08-09,0,MAIN,Teams of 2,"AMRAP 25 mins: Wall Balls, Pull-ups, and Row Calories",16,http://www.beyondthewhiteboard.com/workouts/18077084-amrap-25-mins-wall-balls-pull-ups-and-row-calories?ed=2025-08-09&g%5B%5D=4491&r=&sd=2025-08-09,"Complete as many rounds as possible in 25 mins of:
15 Wall Balls, pick load
15 Pull-ups
max rep Row Calories"
2025-09-14,0,MAIN,,Nutts,9,https://www.beyondthewhiteboard.com/workouts/64343-nutts?ed=2025-09-14&g%5B%5D=4491&r=&sd=2025-09-14,"For time:
10 Handstand Push-ups
15 Deadlifts, 250/175 lbs
25 Box Jumps, 30/24 in
50 Pull-ups
100 Wall Balls, 20/14 lbs, 10/9 ft
200 Double Unders
Plate Run, 45/35 lbs, 400 m

Lieutenant Andrew Richard Nuttall, 30, from the 1st Battalion Princess Patricia's Canadian Light Infantry (1 PPCLI), based in Edmonton, Alberta, serving as a member of the 1 PPCLI Battle Group was killed by an improvised explosive device that detonated during a joint foot patrol near the village of Nakhonay in Panjwaii District, about 25 km southwest of Kandahar City on December 23, 2009. He is survived by his parents, Richard and Ethel Jane Nuttall."
2025-09-13,0,MAIN,Teams of 2,"2 RFT: Deadlifts, Wall Balls, Row Calories, and Handstand Push-ups",9,https://www.beyondthewhiteboard.com/workouts/14884533-2-rft-deadlifts-wall-balls-row-calories-and-handstand-push-ups?ed=2025-09-13&g%5B%5D=4491&r=&sd=2025-09-13,"2 rounds for time of:
55 Deadlifts, 102.5/70 kg
55 Wall Balls, 9/6 kg
55 Row Calories
55 Handstand Push-ups"
2025-09-12,0,MAIN,,"Complex: Deadlifts, Clean High Pulls, Hang Power Cleans, and Push Jerks : 1-1-1-1",21,https://www.beyondthewhiteboard.com/workouts/18202196-complex-deadlifts-clean-high-pulls-hang-power-cleans-and-push-jerks-1-1-1-1?ed=2025-09-12&g%5B%5D=4491&r=&sd=2025-09-12,"1x [ 1 Deadlift + 1 Clean High Pull + 1 Hang Power Clean + 1 Push Jerk ]
1x [ 1 Deadlift + 1 Clean High Pull + 1 Hang Power Clean + 1 Push Jerk ]
1x [ 1 Deadlift + 1 Clean High Pull + 1 Hang Power Clean + 1 Push Jerk ]
1x [ 1 Deadlift + 1 Clean High Pull + 1 Hang Power Clean + 1 Push Jerk ]

Use the heaviest weight you can for each set.
Rest as needed between sets."
2025-09-12,1,MAIN,,"Every 2:30 for 12:30: 200 m, Toes-to-bars, and Hang Power Cleans",21,https://www.beyondthewhiteboard.com/workouts/18202197-every-2-30-for-12-30-200-m-toes-to-bars-and-hang-power-cleans?ed=2025-09-12&g%5B%5D=4491&r=&sd=2025-09-12,"Every 2:30 for 12:30 do:
Run, 200 m
7 Toes-to-bars
7 Hang Power Cleans, 60/42.5 kg"
2025-09-11,0,MAIN,,"AMRAP 18 mins: Dumbbell Snatches, Double Unders, Push-ups, and 4 more",16,https://www.beyondthewhiteboard.com/workouts/18206726-amrap-18-mins-dumbbell-snatches-double-unders-push-ups-and-4-more?ed=2025-09-11&g%5B%5D=4491&r=&sd=2025-09-11,"Complete as many rounds as possible in 18 mins of:
max rep Dumbbell Snatches, 22.5/15 kg
80 Double Unders
40 Push-ups
20 Strict Pull-ups
80 Double Unders
40 Push-ups
20 Strict Pull-ups"
2025-09-10,0,MAIN,,Front Squat : 1 Rep Max,23,https://www.beyondthewhiteboard.com/workouts/441-front-squat-1-rep-max?ed=2025-09-10&g%5B%5D=4491&r=&sd=2025-09-10,"Log your best Front Squat 1 rep max lift.

Only log the heaviest 1 rep, do not include sets prior to it."
2025-09-10,1,MAIN,,"FT: Thrusters, Box Jump Overs, Thrusters, and 2 more",20,https://www.beyondthewhiteboard.com/workouts/18202190-ft-thrusters-box-jump-overs-thrusters-and-2-more?ed=2025-09-10&g%5B%5D=4491&r=&sd=2025-09-10,"For time:
30 Thrusters, 20/15 kg
15 Box Jump Overs, 24/20 in
20 Thrusters, 20/15 kg
15 Box Jump Overs, 24/20 in
10 Thrusters, 20/15 kg"
2025-09-09,0,MAIN,EnduranceWOD,"AMRAP 30 mins: 400 m, Wall Balls, Burpees, and Med Ball Lunges",6,https://www.beyondthewhiteboard.com/workouts/18199209-amrap-30-mins-400-m-wall-balls-burpees-and-med-ball-lunges?ed=2025-09-09&g%5B%5D=4491&r=&sd=2025-09-09,"Complete as many rounds as possible in 30 mins of:
Run, 400 m
25 Wall Balls, 9/6 kg
20 Burpees
25 Med Ball Lunges, 9/6 kg"
2025-09-09,1,MAIN,,6 RF-ME / 30 secs Stations: Rows and Burpee-to-Targets,11,https://www.beyondthewhiteboard.com/workouts/18202188-6-rf-me-30-secs-stations-rows-and-burpee-to-targets?ed=2025-09-09&g%5B%5D=4491&r=&sd=2025-09-09,"6 rounds, 30 secs per station, for max reps of:
Row
Rest 30 secs
Burpee-to-Target
Rest 30 secs

Rotate immediately to the next station every 30 secs,
the clock does not stop or reset between stations."
2025-09-09,2,MAIN,,"AMRAP 6 mins: Dumbbell Death Marches, Farmers Carries, and Alternating Dumbbell Renegade Rows",8,https://www.beyondthewhiteboard.com/workouts/18202189-amrap-6-mins-dumbbell-death-marches-farmers-carries-and-alternating-dumbbell-renegade-rows?ed=2025-09-09&g%5B%5D=4491&r=&sd=2025-09-09,"Complete as many rounds as possible in 6 mins of:
Dumbbell Death March, 22.5/15 kg, 10 m
Farmers Carry, 22.5/15 kg, 50 m
10 Alternating Dumbbell Renegade Rows, 22.5/15 kg"
2025-09-08,0,MAIN,,Push Jerk : 1 Rep Max,38,https://www.beyondthewhiteboard.com/workouts/445-push-jerk-1-rep-max?ed=2025-09-08&g%5B%5D=4491&r=&sd=2025-09-08,"Record your best Push Jerk 1 rep max lift.

Only include the heaviest 1 rep, do not include sets prior to it."
2025-09-08,1,MAIN,,"AMRAP 12 mins: Bent Over Rows, Front Rack Reverse Lunges, and Press",35,https://www.beyondthewhiteboard.com/workouts/18202187-amrap-12-mins-bent-over-rows-front-rack-reverse-lunges-and-press?ed=2025-09-08&g%5B%5D=4491&r=&sd=2025-09-08,"Complete as many rounds as possible in 12 mins of:
20 Bent Over Rows, 35/25 kg
16 Front Rack Reverse Lunges, 35/25 kg
12 Press, 35/25 kg"
2025-09-21,0,MAIN,,Roy,11,https://www.beyondthewhiteboard.com/workouts/78048-roy?ed=2025-09-21&g%5B%5D=4491&r=&sd=2025-09-21,"5 rounds for time of:
15 Deadlifts, 225/155 lbs
20 Box Jumps, 24/20 in
25 Pull-ups

Marine Corps Sgt. Michael C. Roy, 25, of North Fort Myers, Fla., assigned to the 3rd Marine Special Operations Battalion, Marine Special Operations Advisor Group, Marine Corps Forces Special Operations Command at Camp Lejeune, was killed in action on July 8th, 2009 in Nimroz Province, Afghanistan, while supporting combat operations. He is survived by his wife Amy and three children, Michael, Landon and Olivia."
2025-09-20,0,MAIN,Teams of 2,"AMRAP 30 mins: Front Squats, Row Calories, 400 m, and Burpee Pull-ups",13,https://www.beyondthewhiteboard.com/workouts/18230885-amrap-30-mins-front-squats-row-calories-400-m-and-burpee-pull-ups?ed=2025-09-20&g%5B%5D=4491&r=&sd=2025-09-20,"Complete as many rounds as possible in 30 mins of:
9 Front Squats, 50% 1RM
max rep Row Calories
Run, 400 m
max rep Burpee Pull-ups"
2025-09-19,0,MAIN,,Every 2 mins for 10 mins: Snatch Balance,21,https://www.beyondthewhiteboard.com/workouts/11327672-every-2-mins-for-10-mins-snatch-balance?ed=2025-09-19&g%5B%5D=4491&r=&sd=2025-09-19,"3 Snatch Balances, 60% 1RM

Every 2 mins for 10 mins."
2025-09-19,1,MAIN,,10 RFT: Med Ball Bear Hug Lunges and Sit-ups,22,https://www.beyondthewhiteboard.com/workouts/18230862-10-rft-med-ball-bear-hug-lunges-and-sit-ups?ed=2025-09-19&g%5B%5D=4491&r=&sd=2025-09-19,"10 rounds for time of:
12 Med Ball Bear Hug Lunges, 9/6 kg
12 Sit-ups"
2025-09-18,0,MAIN,,"""Tabata"" - Air Squats, Double Dumbbell Push Press, Double Dumbbell Hang Power Cleans, and Russian Twists : 20 x 40 secs / 20 secs",14,https://www.beyondthewhiteboard.com/workouts/18225985-tabata-air-squats-double-dumbbell-push-press-double-dumbbell-hang-power-cleans-and-russian-twist?ed=2025-09-18&g%5B%5D=4491&r=&sd=2025-09-18,"Tabata Air Squat
Tabata Double Dumbbell Push Press, 15/10 kg
Tabata Double Dumbbell Hang Power Clean, 15/10 kg
Tabata Russian Twist, pick load

The Tabata interval is 40 secs of work followed
by 20 secs of rest for 20 intervals.
Tabata score is the total reps performed in all of the intervals."
2025-09-17,0,MAIN,,Every 1 min for 8 mins: Med Ball Passes and Clapping Push-ups,14,https://www.beyondthewhiteboard.com/workouts/18225982-every-1-min-for-8-mins-med-ball-passes-and-clapping-push-ups?ed=2025-09-17&g%5B%5D=4491&r=&sd=2025-09-17,"Every 1 min for 8 mins do:
6 Med Ball Passes
6 Clapping Push-ups"
2025-09-17,1,MAIN,,"4 RFT: Squat Clean & Jerks, Back Squats, and Toes-to-bars",16,https://www.beyondthewhiteboard.com/workouts/18225983-4-rft-squat-clean-jerks-back-squats-and-toes-to-bars?ed=2025-09-17&g%5B%5D=4491&r=&sd=2025-09-17,"4 rounds for time of:
5 Squat Clean & Jerks, 52.5/35 kg
10 Back Squats, 52.5/35 kg
15 Toes-to-bars"
2025-09-16,0,MAIN,,"6 RFT: Dumbbell Box Step Overs, Dumbbell Snatches, and Double Unders",18,https://www.beyondthewhiteboard.com/workouts/18225981-6-rft-dumbbell-box-step-overs-dumbbell-snatches-and-double-unders?ed=2025-09-16&g%5B%5D=4491&r=&sd=2025-09-16,"6 rounds for time of:
8 Dumbbell Box Step Overs, 22.5/15 kg, 20 in
12 Dumbbell Snatches, 22.5/15 kg
48 Double Unders
Rest 1 min"
2025-09-16,1,MAIN,TEAM ENDURANCE WOD,"AMRAP 30 mins: Row Calories, Sandbag Lunges, Single Dumbbell Push Press, and Single Arm Devil Press",9,https://www.beyondthewhiteboard.com/workouts/18232637-amrap-30-mins-row-calories-sandbag-lunges-single-dumbbell-push-press-and-single-arm-devil-press?ed=2025-09-16&g%5B%5D=4491&r=&sd=2025-09-16,"Complete as many rounds as possible in 30 mins of:
max rep Row Calories
[ 20 Sandbag Lunges + 20 Single Dumbbell Push Press + 5 Single Arm Devil Press ]"
2025-09-15,0,MAIN,,"AMRAP 9 mins: Bent Over Rows, On The 00:00s, Goblet Squats, and 2 more",28,https://www.beyondthewhiteboard.com/workouts/18225978-amrap-9-mins-bent-over-rows-on-the-00-00s-goblet-squats-and-2-more?ed=2025-09-15&g%5B%5D=4491&r=&sd=2025-09-15,"Complete as many rounds as possible in 9 mins of:
Bent Over Row, 42.5/30 kg
On The 00:00
20 Goblet Squats, 16/12 kg
In 1:30 Do
15 Burpees"
2025-09-15,1,MAIN,,8 RFQ: Sled Pushes,24,https://www.beyondthewhiteboard.com/workouts/18123496-8-rfq-sled-pushes?ed=2025-09-15&g%5B%5D=4491&r=&sd=2025-09-15,"8 rounds for quality of:
Sled Push, pick load, 50 m"
2025-09-28,0,MAIN,,Josh,16,https://www.beyondthewhiteboard.com/workouts/330-josh?ed=2025-09-28&g%5B%5D=4491&r=&sd=2025-09-28,"For time:
21 Overhead Squats, 95/65 lbs
42 Pull-ups
15 Overhead Squats, 95/65 lbs
30 Pull-ups
9 Overhead Squats, 95/65 lbs
18 Pull-ups

U.S. Army Staff Sgt. Joshua Hager, 29, of Broomfield, Colorado, was killed Thursday, Feb. 22, 2007, when an improvised explosive device detonated near his Humvee during combat operations in Ramadi, Iraq. Prior to his death, Hager was serving in the 1st Battalion, 9th Infantry Regiment, 2nd Brigade Combat Team, 2nd Infantry Division in Fort Carson, Colorado.

He is survived by his wife, Heather; son, Bayley; mother, Lois Knight; father, Kris; and stepbrother, Ensign Aaron Jozsef."
2025-09-27,0,MAIN,Teams of 2,"10 RFT: Rows, Double Kettlebell Walking Lunges, and Wall Walks",12,https://www.beyondthewhiteboard.com/workouts/18249578-10-rft-rows-double-kettlebell-walking-lunges-and-wall-walks?ed=2025-09-27&g%5B%5D=4491&r=&sd=2025-09-27,"10 rounds for time of:
Row, 250/200 m
Double Kettlebell Walking Lunge, 24/16 kg, 7.5 m
2 Wall Walks"
2025-09-26,0,MAIN,,"Complex: Deadlifts, Power Cleans, and Jerks : 1-1-1-1",31,https://www.beyondthewhiteboard.com/workouts/18257382-complex-deadlifts-power-cleans-and-jerks-1-1-1-1?ed=2025-09-26&g%5B%5D=4491&r=&sd=2025-09-26,"1x [ 3 Deadlifts + 2 Power Cleans + 1 Jerk ]
1x [ 3 Deadlifts + 2 Power Cleans + 1 Jerk ]
1x [ 3 Deadlifts + 2 Power Cleans + 1 Jerk ]
1x [ 3 Deadlifts + 2 Power Cleans + 1 Jerk ]

Use the heaviest weight you can for each set.
Rest as needed between sets."
2025-09-25,0,MAIN,,"5 RFT: Dumbbell Front Squats, V-ups, Dumbbell Thrusters, and V-ups",12,https://www.beyondthewhiteboard.com/workouts/18248687-5-rft-dumbbell-front-squats-v-ups-dumbbell-thrusters-and-v-ups?ed=2025-09-25&g%5B%5D=4491&r=&sd=2025-09-25,"5 rounds for time of:
10 Dumbbell Front Squats, 22.5/15 kg
10 V-ups
10 Dumbbell Thrusters, 22.5/15 kg
10 V-ups"
2025-09-25,1,MAIN,,"3 RFQ: Curtsy Squats, Russian Twists, and Suitcase Carries",10,https://www.beyondthewhiteboard.com/workouts/18248691-3-rfq-curtsy-squats-russian-twists-and-suitcase-carries?ed=2025-09-25&g%5B%5D=4491&r=&sd=2025-09-25,"3 rounds for quality of:
15 Curtsy Squats
30 Russian Twists
Suitcase Carry, pick load, 50 m
Rest 2 mins"
2025-09-24,0,MAIN,,Bench Press,32,https://www.beyondthewhiteboard.com/workouts/18248680-bench-press?ed=2025-09-24&g%5B%5D=4491&r=&sd=2025-09-24,"Bench Press 1x12 at 60% 1RM
Bench Press 1x10 at 65% 1RM
Bench Press 1x8 at 70% 1RM"
2025-09-24,1,MAIN,,"AMReps 16 mins: Row Calories, Push Jerks, Row Calories, and 5 more",31,https://www.beyondthewhiteboard.com/workouts/18248685-amreps-16-mins-row-calories-push-jerks-row-calories-and-5-more?ed=2025-09-24&g%5B%5D=4491&r=&sd=2025-09-24,"As many reps as possible in 16 mins of:
Row Calorie, 2 mins
Push Jerk, 52.5/35 kg, 2 mins
Row Calorie, 2 mins
Push Jerk, 52.5/35 kg, 2 mins
Row Calorie, 2 mins
Push Jerk, 52.5/35 kg, 2 mins
Row Calorie, 2 mins
Push Jerk, 52.5/35 kg, 2 mins"
2025-09-23,0,MAIN,,"5 RF-ME: Double Unders, Strict Pull-ups, Push-ups, and Toes-to-bars",14,https://www.beyondthewhiteboard.com/workouts/18257378-5-rf-me-double-unders-strict-pull-ups-push-ups-and-toes-to-bars?ed=2025-09-23&g%5B%5D=4491&r=&sd=2025-09-23,"5 rounds for max reps of:
50 Double Unders
max rep Strict Pull-ups
max rep Push-ups
max rep Toes-to-bars"
2025-09-22,0,MAIN,,"Deadlift : 12 @ 60%, 10 @ 65%, 8 @ 70%",39,https://www.beyondthewhiteboard.com/workouts/14084351-deadlift-12-60-10-65-8-70?ed=2025-09-22&g%5B%5D=4491&r=&sd=2025-09-22,"Deadlift 1x12 at 60% 1RM
Deadlift 1x10 at 65% 1RM
Deadlift 1x8 at 70% 1RM

Rest as needed between sets."
2025-09-22,1,MAIN,,"AMRAP 5 mins w/ Buy-in: 400 m, Deadlifts, Hang Power Cleans, and Lateral Burpee Over Bars",38,https://www.beyondthewhiteboard.com/workouts/18248671-amrap-5-mins-w-buy-in-400-m-deadlifts-hang-power-cleans-and-lateral-burpee-over-bars?ed=2025-09-22&g%5B%5D=4491&r=&sd=2025-09-22,"In 5 mins do:
Run, 400 m
then in the remaining time, AMRAP of:
6 Deadlifts, 60/42.5 kg
4 Hang Power Cleans, 60/42.5 kg
2 Lateral Burpee Over Bars"
2025-10-05,0,MAIN,,Marston,8,https://www.beyondthewhiteboard.com/workouts/2019472-marston?ed=2025-10-05&g%5B%5D=4491&r=&sd=2025-10-05,"Complete as many rounds as possible in 20 mins of:
1 Deadlift, 405/285 lbs
10 Toes-to-bars
15 Bar Facing Burpees

Special Warfare Operator 1st Class William Blake Marston, 31, of Concord, New Hampshire, died Jan. 10, 2015, in DeLand, Florida, during military parachute training. Marston was assigned to an East Coast-based SEAL Team and served in the Navy for six years. â€¨

Marston is survived by his girlfriend, Christine Clark; parents, Bill and Nancy; three siblings, Chris, Jeffrey and Emily; and many other friends and family."
2025-10-04,0,MAIN,Teams of 2,AMRAP 30 mins: Rows,9,https://www.beyondthewhiteboard.com/workouts/1829817-amrap-30-mins-rows?ed=2025-10-04&g%5B%5D=4491&r=&sd=2025-10-04,"Complete as many rounds as possible in 30 mins of:
Row"
2025-10-03,0,MAIN,,Every 1 min for 8 mins: Alternating Lunges and Plyo Push-ups,19,https://www.beyondthewhiteboard.com/workouts/18272264-every-1-min-for-8-mins-alternating-lunges-and-plyo-push-ups?ed=2025-10-03&g%5B%5D=4491&r=&sd=2025-10-03,"Every 1 min for 8 mins do:
8 Alternating Lunges
4 Plyo Push-ups"
2025-10-03,1,MAIN,,"AMReps 15 mins: Wall Balls, Power Snatches, Double Unders, and 12 more",21,https://www.beyondthewhiteboard.com/workouts/18272267-amreps-15-mins-wall-balls-power-snatches-double-unders-and-12-more?ed=2025-10-03&g%5B%5D=4491&r=&sd=2025-10-03,"As many reps as possible in 15 mins of:
Wall Ball, 9/6 kg, 40 secs
Rest 20 secs
Power Snatch, 35/25 kg, 40 secs
Rest 20 secs
Double Under, 40 secs
Rest 20 secs
Wall Ball, 9/6 kg, 40 secs
Rest 20 secs
Power Snatch, 35/25 kg, 40 secs
Rest 20 secs
Double Under, 40 secs
Rest 20 secs
Wall Ball, 9/6 kg, 40 secs
Rest 20 secs
Power Snatch, 35/25 kg, 40 secs
Rest 20 secs
Double Under, 40 secs
Rest 20 secs
Wall Ball, 9/6 kg, 40 secs
Rest 20 secs
Power Snatch, 35/25 kg, 40 secs
Rest 20 secs
Double Under, 40 secs
Rest 20 secs
Wall Ball, 9/6 kg, 40 secs
Rest 20 secs
Power Snatch, 35/25 kg, 40 secs
Rest 20 secs
Double Under, 40 secs"
2025-10-02,0,MAIN,,"""Tabata"" - Rows, Strict Pull-ups, Kipping Pull-ups, and Burpees : 8 x 20 secs / 10 secs",23,https://www.beyondthewhiteboard.com/workouts/18272261-tabata-rows-strict-pull-ups-kipping-pull-ups-and-burpees-8-x-20-secs-10-secs?ed=2025-10-02&g%5B%5D=4491&r=&sd=2025-10-02,"Tabata Row
Tabata Strict Pull-up
Tabata Kipping Pull-up
Tabata Burpee

The Tabata interval is 20 secs of work followed
by 10 secs of rest for 8 intervals.
Tabata score is the total reps performed in all of the intervals."
2025-10-02,1,MAIN,,"""Death By"" - Sit Ups : 10 reps + 2 reps / 1 min",23,https://www.beyondthewhiteboard.com/workouts/1196134-death-by-sit-ups-10-reps-2-reps-1-min?ed=2025-10-02&g%5B%5D=4491&r=&sd=2025-10-02,"Death By Sit Up

With a continuously running clock perform:
10 Sit Ups in the first 1 min,
12 Sit Ups in the second 1 min
14 Sit Ups in the third 1 min
...
Continuing this for as long as you are able."
2025-10-01,0,MAIN,,Bench Press,26,https://www.beyondthewhiteboard.com/workouts/18272259-bench-press?ed=2025-10-01&g%5B%5D=4491&r=&sd=2025-10-01,"Bench Press 1x10 at 65% 1RM
Bench Press 1x8 at 70% 1RM
Bench Press 1x6 at 75% 1RM"
2025-10-01,1,MAIN,,"FT: 600 m, Power Cleans, Push-ups, and 600 m",24,https://www.beyondthewhiteboard.com/workouts/18272260-ft-600-m-power-cleans-push-ups-and-600-m?ed=2025-10-01&g%5B%5D=4491&r=&sd=2025-10-01,"For time:
Run, 600 m
45 Power Cleans, 42.5/30 kg
90 Push-ups
Run, 600 m"
2025-09-30,0,MAIN,,"3x AMRAP 4 mins: Single Arm Dumbbell Thrusters, Sit-ups, and Toes-to-bars",20,https://www.beyondthewhiteboard.com/workouts/18272256-3x-amrap-4-mins-single-arm-dumbbell-thrusters-sit-ups-and-toes-to-bars?ed=2025-09-30&g%5B%5D=4491&r=&sd=2025-09-30,"For 3 cycles:
AMRAP in 4 mins of:
4 Single Arm Dumbbell Thrusters, 22.5/15 kg
6 Sit-ups
8 Toes-to-bars

Rest 1 min between each cycle.
For each cycle continue the AMRAP."
2025-09-30,1,MAIN,,Every 1 min for 10 mins: Double Dumbbell Walking Lunges,20,https://www.beyondthewhiteboard.com/workouts/18275026-every-1-min-for-10-mins-double-dumbbell-walking-lunges?ed=2025-09-30&g%5B%5D=4491&r=&sd=2025-09-30,"Every 1 min for 10 mins do:
Double Dumbbell Walking Lunge, 22.5/15 kg, 7.5 m"
2025-09-30,2,MAIN,Endurance WOD,"AMRAPx2: 12 mins of Bootlegger Burpees, Air Squats, and Kettlebell Swings; 12 m...",7,https://www.beyondthewhiteboard.com/workouts/18283543-amrapx2-12-mins-of-bootlegger-burpees-air-squats-and-kettlebell-swings-12-m?ed=2025-09-30&g%5B%5D=4491&r=&sd=2025-09-30,"For total rounds and reps:
AMRAP in 12 mins of:
5 Bootlegger Burpees, 5 m
5 Air Squats
5 Kettlebell Swings
-- then --
Rest 3 mins
-- then --
AMRAP in 12 mins of:
5 Sumo Deadlift High-pulls
5 Plate Swings, 15/10 kg
5 Hang Clean & Jerks, 20/15 kg

For each AMRAP, restart from 0."
2025-09-29,0,MAIN,,Deadlift,38,https://www.beyondthewhiteboard.com/workouts/18272254-deadlift?ed=2025-09-29&g%5B%5D=4491&r=&sd=2025-09-29,"Deadlift 1x10 at 65% 1RM
Deadlift 1x8 at 70% 1RM
Deadlift 1x6 at 75% 1RM"
2025-09-29,1,MAIN,,"5 RFT: Kettlebell Deadlifts, Air Squats, and Burpee Over Bars",36,https://www.beyondthewhiteboard.com/workouts/18272255-5-rft-kettlebell-deadlifts-air-squats-and-burpee-over-bars?ed=2025-09-29&g%5B%5D=4491&r=&sd=2025-09-29,"5 rounds for time of:
27 Kettlebell Deadlifts, 24/16 kg
21 Air Squats
15 Burpee Over Bars"
2025-09-26,1,MAIN,,"FT: Sit-ups, Burpee Box Jump Overs, Wall Walks, and 12 more",33,https://www.beyondthewhiteboard.com/workouts/18248696-ft-sit-ups-burpee-box-jump-overs-wall-walks-and-12-more?ed=2025-09-26&g%5B%5D=4491&r=&sd=2025-09-26,"For time:
50 Sit-ups
10 Burpee Box Jump Overs, 24/20 in
5 Wall Walks
40 Sit-ups
8 Burpee Box Jump Overs, 24/20 in
4 Wall Walks
30 Sit-ups
6 Burpee Box Jump Overs, 24/20 in
3 Wall Walks
20 Sit-ups
4 Burpee Box Jump Overs, 24/20 in
2 Wall Walks
10 Sit-ups
2 Burpee Box Jump Overs, 24/20 in
1 Wall Walk"
2025-09-23,1,MAIN,Endurance Wod,"3x AMRAP 45 secs: Sled Pushes, Row Calories, Burpee-to-Plates, and 4 more",6,https://www.beyondthewhiteboard.com/workouts/18255977-3x-amrap-45-secs-sled-pushes-row-calories-burpee-to-plates-and-4-more?ed=2025-09-23&g%5B%5D=4491&r=&sd=2025-09-23,"For 3 cycles:
AMRAP in 45 secs of:
Sled Push
Row Calorie
Burpee-to-Plate
Wall Ball
Hollow Hold
Shuttle Run
Pendulum Lunge

Rest 1 min between each cycle.
For each cycle continue the AMRAP."
2025-10-12,0,MAIN,,Sean,12,https://www.beyondthewhiteboard.com/workouts/562839-sean?ed=2025-10-12&g%5B%5D=4491&r=&sd=2025-10-12,"10 rounds for time of:
11 Chest-to-bar Pull-ups
22 Front Squats, 75/55 lbs


U.S. Army Staff Sgt. Sean M. Flannery, 29, of Wyomissing, Pennsylvania, assigned to the 2nd Battalion, 502nd Infantry Regiment, 2nd Brigade Combat Team, 101st Airborne Division (Air Assault), based in Fort Campbell, Kentucky, was killed on Nov. 22, 2010, in Kandahar Province, Afghanistan, when insurgents attacked his unit with an improvised explosive device.

He is survived by his fiancee, Christina Martin; mother, Charlene; and brothers, Sgt. Brian Flannery and Devin."
2025-10-10,0,MAIN,,Snatch Balance : 4x3 at 90% 1RM,22,https://www.beyondthewhiteboard.com/workouts/2517504-snatch-balance-4x3-at-90-1rm?ed=2025-10-10&g%5B%5D=4491&r=&sd=2025-10-10,"Snatch Balance 4x3 at 90% 1RM

Rest as needed between sets."
2025-10-09,0,MAIN,,"Every 5 mins for 30 mins: Strict Pull-ups, Alternating Dumbbell Snatches, and 400 m",15,https://www.beyondthewhiteboard.com/workouts/18295663-every-5-mins-for-30-mins-strict-pull-ups-alternating-dumbbell-snatches-and-400-m?ed=2025-10-09&g%5B%5D=4491&r=&sd=2025-10-09,"Every 5 mins for 30 mins do:
10 Strict Pull-ups
20 Alternating Dumbbell Snatches, 22.5/15 kg
Run, 400 m"
2025-10-09,1,MAIN,,"AMReps 13 mins: Thrusters, Burpee Over Bars, Bar Muscle-ups, and 9 more",0,https://www.beyondthewhiteboard.com/workouts/18295694-amreps-13-mins-thrusters-burpee-over-bars-bar-muscle-ups-and-9-more?ed=2025-10-09&g%5B%5D=4491&r=&sd=2025-10-09,"As many reps as possible in 13 mins of:
[ 10 Thrusters + Burpee Over Bar ], 42.5/30 kg
Rest 1 min
[ 3 Bar Muscle-ups + Burpee Over Bar ]
Rest 2 mins
[ 10 Thrusters + Burpee Over Bar ], 42.5/30 kg
Rest 1 min
[ 3 Bar Muscle-ups + Burpee Over Bar ]
Rest 2 mins
[ 10 Thrusters + Burpee Over Bar ], 42.5/30 kg
Rest 1 min
[ 3 Bar Muscle-ups + Burpee Over Bar ]"
2025-10-08,0,MAIN,,"AMReps 16 mins: Row Calories, V-ups, Hand Release Push-ups, and Russian Twists",28,https://www.beyondthewhiteboard.com/workouts/18295673-amreps-16-mins-row-calories-v-ups-hand-release-push-ups-and-russian-twists?ed=2025-10-08&g%5B%5D=4491&r=&sd=2025-10-08,"As many reps as possible in 16 mins of:
Row Calorie, 2 mins
V-up, 2 mins
Hand Release Push-up, 2 mins
Russian Twist, 2 mins"
2025-10-08,1,MAIN,,Strict Press : 10 Rep Max,27,https://www.beyondthewhiteboard.com/workouts/539942-strict-press-10-rep-max?ed=2025-10-08&g%5B%5D=4491&r=&sd=2025-10-08,Find your Strict Press 10 Rep Max.
2025-10-07,0,MAIN,,10-9-8-7-6-5-4-3-2-1: Double Dumbbell Devil Press and Box Jumps,15,https://www.beyondthewhiteboard.com/workouts/18295675-10-9-8-7-6-5-4-3-2-1-double-dumbbell-devil-press-and-box-jumps?ed=2025-10-07&g%5B%5D=4491&r=&sd=2025-10-07,"10-9-8-7-6-5-4-3-2-1 reps, for time of:
Double Dumbbell Devil Press, 22.5/15 kg
Box Jump, 30/24 in"
2025-10-07,1,MAIN,,4 RFQ: Wall Sits and Wall Sit Marches,11,https://www.beyondthewhiteboard.com/workouts/18295676-4-rfq-wall-sits-and-wall-sit-marches?ed=2025-10-07&g%5B%5D=4491&r=&sd=2025-10-07,"4 rounds for quality of:
Wall Sit, 30 secs
Wall Sit March, 30 secs"
2025-10-06,0,MAIN,,Deadlift : 10 Rep Max,31,https://www.beyondthewhiteboard.com/workouts/78685-deadlift-10-rep-max?ed=2025-10-06&g%5B%5D=4491&r=&sd=2025-10-06,"Record your best Deadlift 10 rep max lift.

Only include the heaviest 10 rep, do not include sets prior to it."
2025-10-06,1,MAIN,CAP 09/10,FT: Front Squats and Double Unders,30,https://www.beyondthewhiteboard.com/workouts/18279913-ft-front-squats-and-double-unders?ed=2025-10-06&g%5B%5D=4491&r=&sd=2025-10-06,"For time:
15 Front Squats, 135/95 lbs
40 Double Unders
12 Front Squats, 135/95 lbs
40 Double Unders
9 Front Squats, 135/95 lbs
40 Double Unders
6 Front Squats, 135/95 lbs
40 Double Unders
3 Front Squats, 135/95 lbs
40 Double Unders"
2025-10-11,0,MAIN,Teams of 2,"7 RF-ME: Partners, Clean & Jerks, Partners, and 2 more",12,https://www.beyondthewhiteboard.com/workouts/18301730-7-rf-me-partners-clean-jerks-partners-and-2-more?ed=2025-10-11&g%5B%5D=4491&r=&sd=2025-10-11,"7 rounds for max reps of:
Partner
max rep Clean & Jerks, 70/47.5 kg
Partner
10 Toes-to-bars
15 Wall Balls, 9/6 kg"
2025-10-07,2,MAIN,EnduranceWOD,"FT: Row Calories; Wall Balls, Sit-ups, Double Dumbbell Reverse Lunges, and...",7,https://www.beyondthewhiteboard.com/workouts/18308694-ft-row-calories-wall-balls-sit-ups-double-dumbbell-reverse-lunges-and?ed=2025-10-07&g%5B%5D=4491&r=&sd=2025-10-07,"For time:
50/40 Row Calories
-- then --
100 Wall Balls
80 Sit-ups
60 Double Dumbbell Reverse Lunges, 15/10 kg
40 Burpee-to-Plates
20 Strict Pull-ups
-- then --
200 Double Unders"
2025-10-10,1,MAIN,,"AMReps 13 mins: Thrusters, Burpee Over Bars, Bar Muscle-ups, and 9 more",24,https://www.beyondthewhiteboard.com/workouts/18295694-amreps-13-mins-thrusters-burpee-over-bars-bar-muscle-ups-and-9-more?ed=2025-10-10&g%5B%5D=4491&r=&sd=2025-10-10,"As many reps as possible in 13 mins of:
[ 10 Thrusters + Burpee Over Bar ], 42.5/30 kg
Rest 1 min
[ 3 Bar Muscle-ups + Burpee Over Bar ]
Rest 2 mins
[ 10 Thrusters + Burpee Over Bar ], 42.5/30 kg
Rest 1 min
[ 3 Bar Muscle-ups + Burpee Over Bar ]
Rest 2 mins
[ 10 Thrusters + Burpee Over Bar ], 42.5/30 kg
Rest 1 min
[ 3 Bar Muscle-ups + Burpee Over Bar ]"
2025-10-17,0,MAIN,,Every 1 min for 6 mins: Depth Drops and Skater Jumps,0,https://www.beyondthewhiteboard.com/workouts/18321236-every-1-min-for-6-mins-depth-drops-and-skater-jumps?ed=2025-10-17&g%5B%5D=4491&r=&sd=2025-10-17,"Every 1 min for 6 mins do:
4 Depth Drops
12 Skater Jumps"
2025-10-17,1,MAIN,,"2x AMRAP 4 mins: Rows, Hang Power Snatches, Burpee Over Bars, and Hang Power Snatches",0,https://www.beyondthewhiteboard.com/workouts/18321245-2x-amrap-4-mins-rows-hang-power-snatches-burpee-over-bars-and-hang-power-snatches?ed=2025-10-17&g%5B%5D=4491&r=&sd=2025-10-17,"For 2 cycles:
AMRAP in 4 mins of:
Row, 200/150 m
3 Hang Power Snatches, 60/42.5 kg
10 Burpee Over Bars
3 Hang Power Snatches, 60/42.5 kg

Rest 0 secs between each cycle.
For each cycle restart the AMRAP."
2025-10-16,0,MAIN,,FT: Goblet Lunges; 5x Toes-to-bars and Air Squats; Goblet Lunges,4,https://www.beyondthewhiteboard.com/workouts/18326029-ft-goblet-lunges-5x-toes-to-bars-and-air-squats-goblet-lunges?ed=2025-10-16&g%5B%5D=4491&r=&sd=2025-10-16,"For time:
20 Goblet Lunges, 24/16 kg
-- then --
5 rounds of:
9 Toes-to-bars
25 Air Squats
-- then --
20 Goblet Lunges, 24/16 kg"
2025-10-15,0,MAIN,,Push Press,25,https://www.beyondthewhiteboard.com/workouts/17886096-push-press?ed=2025-10-15&g%5B%5D=4491&r=&sd=2025-10-15,"Push Press 1x3 at 75% 1RM
Push Press 1x3 at 80% 1RM
Push Press 1x3 at 85% 1RM"
2025-10-15,1,MAIN,,"AMReps 12 mins: 200 m, Single Arm Dumbbell Push Press, 200 m, and 9 more",25,https://www.beyondthewhiteboard.com/workouts/18321231-amreps-12-mins-200-m-single-arm-dumbbell-push-press-200-m-and-9-more?ed=2025-10-15&g%5B%5D=4491&r=&sd=2025-10-15,"As many reps as possible in 12 mins of:
Run, 200 m
Single Arm Dumbbell Push Press, 22.5/15 kg
Run, 200 m
Dumbbell Box Step-up, 22.5/15 kg, 20 in
Run, 200 m
Single Arm Dumbbell Push Press, 22.5/15 kg
Run, 200 m
Dumbbell Box Step-up, 22.5/15 kg, 20 in
Run, 200 m
Single Arm Dumbbell Push Press, 22.5/15 kg
Run, 200 m
Dumbbell Box Step-up, 22.5/15 kg, 20 in"
2025-10-14,0,MAIN,,FQ: Ring Dips,9,https://www.beyondthewhiteboard.com/workouts/15425034-fq-ring-dips?ed=2025-10-14&g%5B%5D=4491&r=&sd=2025-10-14,"For quality:
Ring Dip, 10 mins"
2025-10-14,1,MAIN,,"FT: Ring Dips, Sit-ups, Double Unders, and 12 more",13,https://www.beyondthewhiteboard.com/workouts/18321226-ft-ring-dips-sit-ups-double-unders-and-12-more?ed=2025-10-14&g%5B%5D=4491&r=&sd=2025-10-14,"For time:
15 Ring Dips
50 Sit-ups
50 Double Unders
12 Ring Dips
40 Sit-ups
40 Double Unders
9 Ring Dips
30 Sit-ups
30 Double Unders
6 Ring Dips
20 Sit-ups
20 Double Unders
3 Ring Dips
10 Sit-ups
10 Double Unders"
2025-10-13,0,MAIN,,"Sumo Deadlift : 3 @ 75%, 3 @ 80%, 3 @ 85%",25,https://www.beyondthewhiteboard.com/workouts/2924033-sumo-deadlift-3-75-3-80-3-85?ed=2025-10-13&g%5B%5D=4491&r=&sd=2025-10-13,"Sumo Deadlift 1x3 at 75% 1RM
Sumo Deadlift 1x3 at 80% 1RM
Sumo Deadlift 1x3 at 85% 1RM

Rest as needed between sets."
2025-10-13,1,MAIN,,"Alt EMOM 20 mins: Wall Balls, Max. Rep. Box Jumps, and Push-ups",25,https://www.beyondthewhiteboard.com/workouts/18321220-alt-emom-20-mins-wall-balls-max-rep-box-jumps-and-push-ups?ed=2025-10-13&g%5B%5D=4491&r=&sd=2025-10-13,"Every 50 secs for 20 mins, alternating between:
18 Wall Balls, 9/6 kg
Rest 10 secs
Max. Rep. Box Jump, 24/20 in
Rest 10 secs
15 Push-ups
Rest 10 secs"
2025-10-16,1,MAIN,,3 RFQ: Banded Russian Kettlebell Swings and Elevated Glute Bridges,2,https://www.beyondthewhiteboard.com/workouts/18326031-3-rfq-banded-russian-kettlebell-swings-and-elevated-glute-bridges?ed=2025-10-16&g%5B%5D=4491&r=&sd=2025-10-16,"3 rounds for quality of:
15 Banded Russian Kettlebell Swings, 24/16 kg
15 Elevated Glute Bridges, pick load
Rest 1 min"
2025-10-19,0,MAIN,,Wittman,0,https://www.beyondthewhiteboard.com/workouts/134112-wittman?ed=2025-10-19&g%5B%5D=4491&r=&sd=2025-10-19,"7 rounds for time of:
15 Kettlebell Swings, 1.5/1 pood
15 Power Cleans, 95/65 lbs
15 Box Jumps, 24/20 in

U.S. Army Sergeant Jeremiah Wittman, 26, of Darby, Montana, assigned to the 1st Battalion, 12th Infantry Regiment, 4th Brigade Combat Team, 4th Infantry Division, based out of Fort Carson, Colorado, was killed on February 13, 2010, when insurgents attacked his unit with a roadside bomb in Zhari province, Afghanistan. He is survived by his daughters Miah and Ariauna, wife Karyn, siblings Robert H., Charity, Jenell, and Natasha, father Robert, and mother Cynthia Church."
2025-10-18,0,MAIN,Teams of 2,"10 RFT: Strict Chest-to-bar Pull-ups, Dumbbell Push Press and AbMat Sit-ups",0,https://www.beyondthewhiteboard.com/workouts/11289895-10-rft-strict-chest-to-bar-pull-ups-dumbbell-push-press-and-abmat-sit-ups?ed=2025-10-18&g%5B%5D=4491&r=&sd=2025-10-18,"10 rounds for time of:
10 Strict Chest-to-bar Pull-ups
20 Dumbbell Push Press, 22.5/15 kg
30 AbMat Sit-ups"
2025-10-14,2,MAIN,Endurance WOD,"Every 1:30 for 30 mins: Row Calories, Kettlebell Swings, and Burpee Over Rowers",5,https://www.beyondthewhiteboard.com/workouts/18331273-every-1-30-for-30-mins-row-calories-kettlebell-swings-and-burpee-over-rowers?ed=2025-10-14&g%5B%5D=4491&r=&sd=2025-10-14,"Every 1:30 for 30 mins do:
10/8 Row Calories
8 Kettlebell Swings, 20/16 kg
6 Burpee Over Rowers
Rest 1:30"
